freq_mode,max_trades_per_5days,hourly_noise,daily_noise,profit,num_trades,win_pct,max_dd
high_freq,20,0.0,0.0,1828724.6066160281,785,76.17834394904459,320.99999999999346
high_freq,20,0.0,0.0005,1684490.7376721343,736,75.40760869565217,320.99999999999346
high_freq,20,0.0,0.001,1369878.7431058977,590,74.40677966101696,770.000000000004
high_freq,20,0.0,0.002,1130168.0140298244,520,67.6923076923077,767.0000000000065
high_freq,20,0.0,0.003,850288.7782031314,390,68.71794871794872,1001.0000000000074
high_freq,20,0.0,0.004,845763.6326406677,412,67.96116504854369,1001.0000000000074
high_freq,20,0.0,0.005,674710.3627855113,353,64.58923512747874,1445.0000000000073
high_freq,20,0.0,0.007,442807.8103068931,276,57.608695652173914,1685.000000000003
high_freq,20,0.0,0.01,271528.51850201195,217,51.1520737327189,1781.0000000000102
high_freq,20,0.0005,0.0,1775930.3462393298,988,70.54655870445345,475.9999999999875
high_freq,20,0.0005,0.0005,1672623.8535117968,843,72.00474495848161,475.9999999999875
high_freq,20,0.0005,0.001,1457939.0317324912,686,72.8862973760933,475.9999999999875
high_freq,20,0.0005,0.002,1099252.851205165,506,72.5296442687747,629.9999999999972
high_freq,20,0.0005,0.003,919370.5501945964,443,67.72009029345372,1007.9999999999866
high_freq,20,0.0005,0.004,746600.8351087952,371,67.11590296495957,780.9999999999872
high_freq,20,0.0005,0.005,599016.3119500675,349,62.46418338108882,1292.000000000004
high_freq,20,0.0005,0.007,352942.811073,295,56.949152542372886,1963.9999999999877
high_freq,20,0.0005,0.01,255803.58286671364,254,51.96850393700787,2319.000000000004
high_freq,20,0.001,0.0,1572600.1726159982,1254,64.43381180223285,520.9999999999936
high_freq,20,0.001,0.0005,1553311.3974934653,1044,67.43295019157088,475.9999999999875
high_freq,20,0.001,0.001,1296567.3392311432,763,69.85583224115334,471.9999999999835
high_freq,20,0.001,0.002,1040107.3050690023,525,70.66666666666667,629.9999999999972
high_freq,20,0.001,0.003,889212.4729248043,457,66.52078774617067,1007.9999999999866
high_freq,20,0.001,0.004,766186.4024438382,368,66.84782608695652,780.9999999999872
high_freq,20,0.001,0.005,597173.2155461381,354,61.5819209039548,1292.000000000004
high_freq,20,0.001,0.007,385191.6988854915,294,58.16326530612245,2073.0000000000136
high_freq,20,0.001,0.01,254703.58286671364,254,51.96850393700787,2319.000000000004
high_freq,20,0.002,0.0,1048611.12846474,1410,59.21985815602837,398.99999999999375
high_freq,20,0.002,0.0005,1045774.144045861,1336,59.73053892215569,475.9999999999875
high_freq,20,0.002,0.001,1032419.6147231624,1101,61.76203451407811,478.99999999998494
high_freq,20,0.002,0.002,968445.617099876,639,67.2926447574335,629.9999999999972
high_freq,20,0.002,0.003,884817.6920050005,488,65.1639344262295,930.0000000000085
high_freq,20,0.002,0.004,730947.3853661361,378,66.13756613756614,780.9999999999872
high_freq,20,0.002,0.005,598499.3578076814,370,61.35135135135135,1292.000000000004
high_freq,20,0.002,0.007,396403.5561373855,297,58.92255892255892,2561.9999999999973
high_freq,20,0.002,0.01,281221.6204734149,241,52.282157676348554,2319.000000000004
high_freq,20,0.003,0.0,681549.0243650873,1485,56.70033670033669,567.0000000000064
high_freq,20,0.003,0.0005,691429.435215661,1493,56.86537173476223,567.0000000000064
high_freq,20,0.003,0.001,773999.0641310042,1400,59.21428571428572,626.0000000000153
high_freq,20,0.003,0.002,845699.7143858094,903,62.56921373200443,1036.9999999999989
high_freq,20,0.003,0.003,826721.8353145218,582,65.80756013745705,906.999999999991
high_freq,20,0.003,0.004,723063.7506198146,421,63.657957244655584,780.9999999999872
high_freq,20,0.003,0.005,612454.420077172,387,62.7906976744186,1313.0000000000084
high_freq,20,0.003,0.007,420908.5471436986,319,57.68025078369906,2561.9999999999973
high_freq,20,0.003,0.01,270374.67580368347,237,51.89873417721519,2319.000000000004
high_freq,20,0.004,0.0,536626.2671909695,1520,56.38157894736842,567.0000000000064
high_freq,20,0.004,0.0005,549347.0641311851,1541,57.23556132381571,567.0000000000064
high_freq,20,0.004,0.001,562576.9652646239,1511,57.57776307081402,567.0000000000064
high_freq,20,0.004,0.002,666064.8173325385,1278,58.99843505477308,802.9999999999981
high_freq,20,0.004,0.003,737979.6703502617,806,61.41439205955335,865.0000000000045
high_freq,20,0.004,0.004,688393.3482190568,510,62.94117647058823,775.9999999999989
high_freq,20,0.004,0.005,599023.0846913974,446,58.52017937219731,1313.0000000000084
high_freq,20,0.004,0.007,426896.76765187056,304,57.89473684210527,2561.9999999999973
high_freq,20,0.004,0.01,278028.4480588164,241,52.69709543568465,2319.000000000004
high_freq,20,0.005,0.0,449342.93862789636,1543,55.34672715489306,546.9999999999864
high_freq,20,0.005,0.0005,461025.8563845436,1544,56.023316062176164,546.9999999999864
high_freq,20,0.005,0.001,475170.63600636995,1546,56.79172056921087,546.9999999999864
high_freq,20,0.005,0.002,541665.4739817181,1436,57.72980501392758,546.9999999999864
high_freq,20,0.005,0.003,674902.5024218454,1061,58.8124410933082,865.0000000000045
high_freq,20,0.005,0.004,663624.9546822903,626,59.26517571884984,852.0000000000082
high_freq,20,0.005,0.005,540423.6837769942,487,58.72689938398358,1292.000000000004
high_freq,20,0.005,0.007,415366.4878352115,345,56.231884057971016,2561.9999999999973
high_freq,20,0.005,0.01,276462.64237070153,228,51.75438596491229,2319.000000000004
high_freq,20,0.007,0.0,335871.0212262054,1563,54.702495201535505,546.9999999999864
high_freq,20,0.007,0.0005,340365.1798211447,1559,55.29185375240539,475.9999999999875
high_freq,20,0.007,0.001,368905.8528087693,1564,56.07416879795396,475.9999999999875
high_freq,20,0.007,0.002,405504.8716773058,1543,55.41153596889177,483.9999999999955
high_freq,20,0.007,0.003,474805.827730014,1477,56.668923493568045,495.00000000000097
high_freq,20,0.007,0.004,558708.2179109296,1073,57.129543336439895,700.999999999996
high_freq,20,0.007,0.005,492345.3309626286,777,54.31145431145431,1119.0000000000032
high_freq,20,0.007,0.007,370622.9269683968,385,55.58441558441558,1837.9999999999839
high_freq,20,0.007,0.01,279423.38385701063,252,51.19047619047619,2319.000000000004
high_freq,20,0.01,0.0,250733.6330202883,1589,54.310887350534934,475.9999999999875
high_freq,20,0.01,0.0005,244920.9414680641,1588,54.848866498740556,475.9999999999875
high_freq,20,0.01,0.001,254835.066332418,1585,55.268138801261834,475.9999999999875
high_freq,20,0.01,0.002,285479.9727297432,1583,55.52747946936197,475.9999999999875
high_freq,20,0.01,0.003,352936.2147233207,1568,55.48469387755102,475.9999999999875
high_freq,20,0.01,0.004,391947.3354613108,1504,55.5186170212766,584.0000000000067
high_freq,20,0.01,0.005,442940.6736078649,1339,55.86258401792382,648.0000000000041
high_freq,20,0.01,0.007,340818.98904747283,650,53.38461538461539,1381.0000000000098
high_freq,20,0.01,0.01,165769.71538579813,369,52.03252032520326,1839.999999999997
low_freq,3,0.0,0.0,444868.0575068402,183,72.1311475409836,221.00000000000452
low_freq,3,0.0,0.0005,460417.7208778043,194,72.68041237113401,275.000000000003
low_freq,3,0.0,0.001,472924.5578984136,197,70.55837563451777,275.000000000003
low_freq,3,0.0,0.002,474442.8158958014,206,73.30097087378641,767.0000000000065
low_freq,3,0.0,0.003,455870.58525747317,190,71.57894736842105,717.9999999999964
low_freq,3,0.0,0.004,387832.52189209126,204,65.68627450980392,717.9999999999964
low_freq,3,0.0,0.005,347129.1028944687,181,61.87845303867403,1025.9999999999934
low_freq,3,0.0,0.007,198451.43214715598,182,53.84615384615385,1444.0000000000007
low_freq,3,0.0,0.01,142316.11780542746,135,51.85185185185185,1781.0000000000102
low_freq,3,0.0005,0.0,400643.6426902637,201,65.67164179104478,228.9999999999903
low_freq,3,0.0005,0.0005,401536.1269133261,198,67.67676767676768,275.000000000003
low_freq,3,0.0005,0.001,435707.2040961806,186,72.04301075268818,329.0000000000015
low_freq,3,0.0005,0.002,451188.00089159585,194,73.71134020618557,571.9999999999947
low_freq,3,0.0005,0.003,399852.7363566733,180,68.88888888888889,1007.9999999999866
low_freq,3,0.0005,0.004,402677.9145136754,167,70.05988023952095,1292.000000000004
low_freq,3,0.0005,0.005,407955.7230269207,180,68.33333333333333,1292.000000000004
low_freq,3,0.0005,0.007,245515.75358184893,150,61.33333333333333,1292.000000000004
low_freq,3,0.0005,0.01,165185.73976579407,151,56.29139072847682,2549.000000000001
low_freq,3,0.001,0.0,273645.1770913438,214,58.87850467289719,257.0000000000183
low_freq,3,0.001,0.0005,331723.0951807115,218,61.00917431192661,275.000000000003
low_freq,3,0.001,0.001,374720.88758626767,199,65.82914572864321,329.0000000000015
low_freq,3,0.001,0.002,439926.6503595093,195,73.33333333333333,394.0000000000054
low_freq,3,0.001,0.003,443946.67143849144,179,68.71508379888269,1007.9999999999866
low_freq,3,0.001,0.004,420877.91451367585,167,69.46107784431138,1292.000000000004
low_freq,3,0.001,0.005,413234.0160357497,179,68.15642458100558,1292.000000000004
low_freq,3,0.001,0.007,263656.60973996064,150,62.66666666666667,1292.000000000004
low_freq,3,0.001,0.01,165474.846098817,151,56.29139072847682,2549.000000000001
low_freq,3,0.002,0.0,155339.52459308296,233,53.648068669527895,430.0000000000192
low_freq,3,0.002,0.0005,190451.28727639816,233,53.21888412017167,274.9999999999808
low_freq,3,0.002,0.001,232104.23456571274,219,58.9041095890411,329.0000000000015
low_freq,3,0.002,0.002,284350.4327031637,211,66.35071090047393,394.0000000000054
low_freq,3,0.002,0.003,352585.7020067305,183,64.48087431693989,1007.9999999999866
low_freq,3,0.002,0.004,352535.063973423,168,66.66666666666666,1292.000000000004
low_freq,3,0.002,0.005,387636.0720387144,179,67.59776536312849,1292.000000000004
low_freq,3,0.002,0.007,257191.7955917355,150,62.66666666666667,1292.000000000004
low_freq,3,0.002,0.01,175828.0118282112,152,56.57894736842105,2549.000000000001
low_freq,3,0.003,0.0,49691.326333585195,236,50.0,275.000000000003
low_freq,3,0.003,0.0005,47349.900934153935,236,50.847457627118644,326.00000000000404
low_freq,3,0.003,0.001,62648.68841060856,228,52.63157894736842,329.0000000000015
low_freq,3,0.003,0.002,202191.82590308925,220,61.81818181818181,490.99999999999693
low_freq,3,0.003,0.003,269867.6826477641,197,65.48223350253807,1007.9999999999866
low_freq,3,0.003,0.004,298620.70337254216,173,65.89595375722543,1292.000000000004
low_freq,3,0.003,0.005,366137.42252502043,179,65.92178770949721,1292.000000000004
low_freq,3,0.003,0.007,248515.92035476095,154,62.33766233766234,1292.000000000004
low_freq,3,0.003,0.01,174092.71788916603,150,56.666666666666664,2549.000000000001
low_freq,3,0.004,0.0,21979.868357517407,236,49.57627118644068,275.000000000003
low_freq,3,0.004,0.0005,17691.46543338208,236,50.42372881355932,275.000000000003
low_freq,3,0.004,0.001,11111.118690474774,233,49.78540772532189,490.99999999999693
low_freq,3,0.004,0.002,69460.07352308533,227,56.82819383259912,802.9999999999981
low_freq,3,0.004,0.003,186465.83415178955,209,62.67942583732058,1007.9999999999866
low_freq,3,0.004,0.004,232704.24909591133,179,65.36312849162012,1007.9999999999866
low_freq,3,0.004,0.005,300064.62390180037,189,62.43386243386243,1292.000000000004
low_freq,3,0.004,0.007,257896.8019810447,159,62.264150943396224,1292.000000000004
low_freq,3,0.004,0.01,169949.4358586055,154,55.84415584415584,2549.000000000001
low_freq,3,0.005,0.0,9846.75197866303,237,48.10126582278481,323.0000000000066
low_freq,3,0.005,0.0005,12939.770490772207,235,49.787234042553195,275.000000000003
low_freq,3,0.005,0.001,11573.946306348487,236,50.847457627118644,275.000000000003
low_freq,3,0.005,0.002,28444.339113428257,232,54.741379310344826,371.0000000000102
low_freq,3,0.005,0.003,83794.67841727287,221,53.84615384615385,865.0000000000045
low_freq,3,0.005,0.004,202811.64425872266,193,59.58549222797927,1007.9999999999866
low_freq,3,0.005,0.005,236443.94262816745,203,58.620689655172406,1292.000000000004
low_freq,3,0.005,0.007,233740.11089428305,163,60.73619631901841,1292.000000000004
low_freq,3,0.005,0.01,166179.78279703023,154,55.1948051948052,2549.000000000001
low_freq,3,0.007,0.0,6827.064142414252,236,48.728813559322035,323.0000000000066
low_freq,3,0.007,0.0005,7729.964027701761,238,50.0,323.0000000000066
low_freq,3,0.007,0.001,8267.632377522357,237,50.63291139240506,371.0000000000102
low_freq,3,0.007,0.002,11508.538467770792,237,52.742616033755276,275.000000000003
low_freq,3,0.007,0.003,20559.037926738034,231,51.94805194805194,337.0000000000095
low_freq,3,0.007,0.004,65569.80989828316,216,55.092592592592595,481.9999999999824
low_freq,3,0.007,0.005,103948.80520527891,216,54.629629629629626,720.0000000000094
low_freq,3,0.007,0.007,215742.73161964363,177,56.49717514124294,1292.000000000004
low_freq,3,0.007,0.01,160012.02150614985,154,53.246753246753244,2549.000000000001
low_freq,3,0.01,0.0,2541.2681523272186,240,48.333333333333336,275.000000000003
low_freq,3,0.01,0.0005,3347.586216673779,238,50.0,275.000000000003
low_freq,3,0.01,0.001,5103.119076141738,237,51.0548523206751,275.000000000003
low_freq,3,0.01,0.002,4966.147862411686,238,51.26050420168067,275.000000000003
low_freq,3,0.01,0.003,6839.79855752585,232,50.43103448275862,327.99999999999494
low_freq,3,0.01,0.004,3220.443146752077,227,47.57709251101321,368.00000000001273
low_freq,3,0.01,0.005,21506.292728897068,231,51.082251082251084,415.0000000000098
low_freq,3,0.01,0.007,101653.93434936402,195,55.38461538461539,848.0000000000042
low_freq,3,0.01,0.01,141953.18824543932,173,52.02312138728323,1839.999999999997
